,interArrivalTime,maximumWaitingTime,RealServiceTime,RealSolvable,PredictedServiceTime,PredictedSolvable,ArrivalTime
0,1,62,1.0,True,1.0,True,1.0
1,38,25,1.0,True,1.0,True,39.0
2,30,73,1.0,True,66.0,False,69.0
3,2,56,1.0,True,791.0,False,71.0
4,37,64,1.0,True,520.0,False,108.0
5,38,24,1.0,True,165.0,False,146.0
6,35,16,593.0,True,37.0,True,181.0
7,30,80,1.0,True,60.0,False,211.0
8,2,72,1.0,True,297.0,False,213.0
9,15,63,1.0,True,267.0,False,228.0
10,28,28,1.0,True,250.0,False,256.0
11,17,14,1.0,True,1.0,True,273.0
12,10,65,1.0,True,83.0,False,283.0
13,12,88,1.0,True,111.0,False,295.0
14,14,26,1.0,True,3.0,True,309.0
15,11,28,1.0,True,1.0,True,320.0
16,18,13,1.0,True,5.0,True,338.0
17,19,36,1.0,True,6.0,True,357.0
18,39,54,1.0,True,4.0,True,396.0
19,8,67,1.0,True,2.0,True,404.0
20,24,71,216.0,True,236.0,True,428.0
21,30,85,7.0,True,3.0,True,458.0
22,32,76,3312.0,True,1.0,True,490.0
23,34,60,42.0,True,37.0,True,524.0
24,28,25,3598.0,False,1031.0,False,552.0
25,24,56,3598.0,False,35.0,False,576.0
26,37,34,3598.0,False,528.0,False,613.0
27,1,42,3598.0,False,1.0,True,614.0
28,4,35,3598.0,False,1384.0,False,618.0
29,6,41,82.0,True,117.0,True,624.0
30,16,26,87.0,True,109.0,False,640.0
31,12,85,75.0,True,1.0,True,652.0
32,15,88,190.0,True,6.0,True,667.0
33,18,82,512.0,True,1.0,True,685.0
34,6,15,1400.0,True,17.0,False,691.0
35,35,70,3134.0,True,955.0,True,726.0
36,9,35,1.0,True,1.0,True,735.0
37,6,62,1.0,True,1.0,True,741.0
38,35,36,16.0,True,116.0,True,776.0
39,6,27,1.0,True,1.0,True,782.0
40,20,61,1.0,True,1.0,True,802.0
41,13,1,275.0,True,148.0,True,815.0
42,15,68,3598.0,False,416.0,False,830.0
43,17,15,1.0,True,14.0,True,847.0
44,28,25,1.0,True,1.0,True,875.0
45,39,28,3598.0,False,1871.0,False,914.0
46,25,24,3598.0,False,497.0,True,939.0
47,33,67,1.0,True,1.0,True,972.0
48,6,60,49.0,True,233.0,True,978.0
49,11,72,3598.0,False,416.0,False,989.0
50,13,1,1.0,True,1.0,True,1002.0
51,23,35,1.0,True,6.0,True,1025.0
52,13,54,1.0,True,40.0,True,1038.0
53,19,11,1.0,True,70.0,True,1057.0
54,19,71,1.0,True,24.0,True,1076.0
55,24,32,1.0,True,1.0,True,1100.0
56,22,48,286.0,True,42.0,True,1122.0
57,8,62,1.0,True,106.0,True,1130.0
58,18,68,1.0,True,1.0,True,1148.0
59,1,13,1.0,True,1.0,True,1149.0
60,27,58,1.0,True,1.0,True,1176.0
61,15,56,1.0,True,1.0,True,1191.0
62,27,11,3598.0,False,1714.0,False,1218.0
63,31,5,3.0,True,1334.0,False,1249.0
64,36,62,7.0,True,50.0,True,1285.0
65,33,74,42.0,True,42.0,True,1318.0
66,4,45,6.0,True,32.0,True,1322.0
67,1,29,11.0,True,133.0,True,1323.0
68,7,76,1507.0,True,272.0,True,1330.0
69,3,59,22.0,True,58.0,True,1333.0
70,38,6,37.0,True,495.0,True,1371.0
71,9,8,5.0,True,13.0,True,1380.0
72,23,32,3598.0,False,1672.0,False,1403.0
73,22,6,1.0,True,12.0,True,1425.0
74,2,64,3.0,True,5.0,True,1427.0
75,33,57,14.0,True,4.0,True,1460.0
76,6,70,36.0,True,18.0,True,1466.0
77,21,43,62.0,True,36.0,True,1487.0
78,8,12,2.0,True,75.0,True,1495.0
79,6,20,5.0,True,31.0,True,1501.0
80,19,31,4.0,True,57.0,True,1520.0
81,9,77,10.0,True,108.0,True,1529.0
82,12,61,3598.0,False,1117.0,False,1541.0
83,19,3,85.0,True,91.0,True,1560.0
84,6,12,154.0,True,141.0,True,1566.0
85,38,48,1.0,True,56.0,True,1604.0
86,10,67,3.0,True,77.0,True,1614.0
87,39,20,32.0,True,22.0,True,1653.0
88,2,31,3.0,True,33.0,True,1655.0
89,26,46,1726.0,True,1019.0,True,1681.0
90,1,32,1.0,True,1.0,True,1682.0
91,14,38,1.0,True,1.0,True,1696.0
92,9,41,1.0,True,1.0,True,1705.0
93,9,5,1.0,True,1.0,True,1714.0
94,19,6,1.0,True,9.0,True,1733.0
95,16,89,1.0,True,163.0,False,1749.0
96,27,86,1.0,True,107.0,True,1776.0
97,33,75,7.0,True,33.0,True,1809.0
98,33,14,70.0,True,39.0,True,1842.0
99,23,86,1.0,True,1.0,True,1865.0
100,6,56,17.0,True,168.0,True,1871.0
101,20,84,1.0,True,1.0,True,1891.0
102,16,38,1.0,True,1.0,True,1907.0
103,35,51,1.0,True,1.0,True,1942.0
104,29,14,35.0,True,73.0,True,1971.0
105,8,9,24.0,True,4.0,True,1979.0
106,5,50,1.0,True,8.0,True,1984.0
107,4,71,70.0,True,326.0,True,1988.0
108,23,16,3598.0,False,1010.0,False,2011.0
109,33,27,1.0,True,1.0,True,2044.0
110,14,83,31.0,True,148.0,True,2058.0
111,21,17,3598.0,False,3444.0,False,2079.0
112,2,20,1.0,True,192.0,False,2081.0
113,26,74,1.0,True,166.0,False,2107.0
114,6,35,1.0,True,722.0,False,2113.0
115,3,26,1.0,True,213.0,False,2116.0
116,20,30,1.0,True,1.0,True,2136.0
117,25,7,3598.0,False,600.0,True,2161.0
118,36,21,1.0,True,1.0,True,2197.0
119,6,89,1.0,True,5.0,True,2203.0
120,25,21,1.0,True,6.0,True,2228.0
121,15,33,1.0,True,1.0,True,2243.0
122,20,74,7.0,True,10.0,True,2263.0
123,25,36,3.0,True,7.0,True,2288.0
124,31,58,1493.0,True,78.0,True,2319.0
125,13,64,3598.0,False,2038.0,False,2332.0
126,12,45,4.0,True,18.0,True,2344.0
127,37,70,3598.0,False,1504.0,False,2381.0
128,26,87,1.0,True,4.0,True,2407.0
129,26,30,1.0,True,4.0,True,2433.0
130,33,43,1.0,True,2.0,True,2466.0
131,34,41,1.0,True,2.0,True,2500.0
132,29,58,52.0,True,464.0,True,2529.0
133,7,49,235.0,True,166.0,True,2536.0
134,33,68,6.0,True,7.0,True,2569.0
135,14,64,2.0,True,2.0,True,2583.0
136,38,12,310.0,True,786.0,True,2621.0
137,24,22,1.0,True,6.0,True,2645.0
138,13,19,2.0,True,6.0,True,2658.0
139,19,85,2.0,True,6.0,True,2677.0
140,30,39,1017.0,True,297.0,True,2707.0
141,2,69,2577.0,True,8.0,True,2709.0
142,26,48,3.0,True,2.0,True,2735.0
143,1,23,99.0,True,29.0,True,2736.0
144,27,24,1.0,True,12.0,True,2763.0
145,13,48,132.0,True,5.0,True,2776.0
146,27,39,45.0,True,5.0,True,2803.0
147,24,12,90.0,True,116.0,True,2827.0
148,32,83,3598.0,False,2377.0,False,2859.0
149,14,21,1.0,True,14.0,True,2873.0
150,6,24,1469.0,True,107.0,True,2879.0
151,1,12,2637.0,True,41.0,True,2880.0
152,11,50,1.0,True,4.0,True,2891.0
153,32,19,244.0,True,4.0,True,2923.0
154,3,2,10.0,True,4.0,True,2926.0
155,20,16,2799.0,True,2793.0,True,2946.0
156,16,32,2.0,True,7.0,True,2962.0
157,35,68,657.0,True,7.0,True,2997.0
158,18,28,503.0,True,7.0,True,3015.0
159,13,11,3170.0,True,955.0,True,3028.0
160,15,89,22.0,True,4.0,True,3043.0
161,1,75,3598.0,False,2852.0,False,3044.0
162,28,71,1.0,True,12.0,True,3072.0
163,4,81,8.0,True,3.0,True,3076.0
164,18,62,2.0,True,7.0,True,3094.0
165,26,68,3373.0,True,7.0,True,3120.0
166,11,86,211.0,True,7.0,True,3131.0
167,35,61,1582.0,True,78.0,True,3166.0
168,17,7,2.0,True,7.0,True,3183.0
169,13,82,2518.0,True,7.0,True,3196.0
170,15,50,191.0,True,7.0,True,3211.0
171,23,88,1.0,True,83.0,False,3234.0
172,10,54,25.0,True,5.0,True,3244.0
173,29,57,244.0,True,168.0,True,3273.0
174,33,63,260.0,True,40.0,True,3306.0
175,17,21,43.0,True,4.0,True,3323.0
176,8,86,2.0,True,97.0,True,3331.0
177,26,87,67.0,True,97.0,True,3357.0
178,14,13,987.0,True,97.0,True,3371.0
179,38,26,8.0,True,609.0,True,3409.0
180,35,87,3098.0,True,302.0,True,3444.0
181,6,50,3598.0,False,2787.0,False,3450.0
182,37,38,504.0,True,177.0,True,3487.0
183,7,40,3598.0,False,2852.0,False,3494.0
184,9,31,1695.0,True,15.0,True,3503.0
185,39,4,1.0,True,1.0,True,3542.0
186,34,38,1.0,True,1.0,True,3576.0
187,34,34,1.0,True,1.0,True,3610.0
188,31,21,3598.0,False,412.0,False,3641.0
189,1,25,3598.0,False,1043.0,True,3642.0
190,14,33,47.0,True,233.0,True,3656.0
191,33,72,151.0,True,11.0,True,3689.0
192,22,33,5.0,True,375.0,False,3711.0
193,14,3,5.0,True,830.0,False,3725.0
194,18,50,33.0,True,335.0,True,3743.0
195,22,72,4.0,True,3.0,True,3765.0
196,14,49,1.0,True,134.0,True,3779.0
197,35,79,1.0,True,134.0,True,3814.0
198,19,89,3598.0,False,12.0,True,3833.0
199,16,85,3598.0,False,17.0,True,3849.0
200,14,51,3.0,True,27.0,True,3863.0
201,25,57,2.0,True,26.0,True,3888.0
202,16,31,11.0,True,236.0,True,3904.0
203,37,71,12.0,True,283.0,True,3941.0
204,15,21,4.0,True,2203.0,True,3956.0
205,19,72,36.0,True,81.0,True,3975.0
206,24,89,3598.0,False,408.0,False,3999.0
207,35,4,3598.0,False,339.0,False,4034.0
208,26,31,3598.0,False,2129.0,False,4060.0
209,4,22,3598.0,False,408.0,False,4064.0
210,18,48,987.0,True,70.0,True,4082.0
211,9,38,848.0,True,361.0,False,4091.0
212,15,86,3289.0,True,2129.0,False,4106.0
213,9,67,3598.0,False,361.0,False,4115.0
214,33,13,3598.0,False,2129.0,False,4148.0
215,17,58,2281.0,True,31.0,True,4165.0
216,30,78,92.0,True,79.0,True,4195.0
217,7,42,3598.0,False,1884.0,False,4202.0
218,8,26,3508.0,True,75.0,True,4210.0
219,35,31,253.0,True,173.0,True,4245.0
220,24,7,1.0,True,1.0,True,4269.0
221,18,64,3598.0,False,16.0,True,4287.0
222,28,23,10.0,True,3.0,True,4315.0
223,8,89,3598.0,False,2405.0,False,4323.0
224,12,2,1.0,True,3.0,True,4335.0
225,39,66,3598.0,False,3312.0,False,4374.0
226,4,43,3598.0,False,3312.0,False,4378.0
227,30,70,290.0,True,246.0,True,4408.0
228,3,62,1707.0,True,275.0,True,4411.0
229,27,43,3598.0,False,2852.0,False,4438.0
230,31,30,10.0,True,797.0,True,4469.0
231,20,48,2.0,True,4.0,True,4489.0
232,38,29,3598.0,False,3119.0,True,4527.0
233,26,31,59.0,True,93.0,True,4553.0
234,15,50,3598.0,False,2000.0,False,4568.0
235,17,40,70.0,True,1546.0,True,4585.0
236,17,13,490.0,True,497.0,True,4602.0
237,4,49,3598.0,False,1331.0,False,4606.0
238,33,84,18.0,True,32.0,True,4639.0
239,33,87,174.0,True,192.0,True,4672.0
240,17,71,72.0,True,180.0,True,4689.0
241,39,83,3598.0,False,3397.0,False,4728.0
242,18,20,2.0,True,18.0,True,4746.0
243,5,4,4.0,True,110.0,True,4751.0
244,15,51,3598.0,False,1423.0,False,4766.0
245,34,74,94.0,True,116.0,True,4800.0
246,22,39,3598.0,False,558.0,False,4822.0
247,34,58,61.0,True,39.0,True,4856.0
248,39,63,1767.0,True,164.0,True,4895.0
249,6,69,3598.0,False,3581.0,False,4901.0
250,20,58,6.0,True,6.0,True,4921.0
251,6,25,3598.0,False,3581.0,False,4927.0
252,25,67,3598.0,False,3207.0,False,4952.0
253,35,51,109.0,True,44.0,True,4987.0
254,20,66,3598.0,False,3590.0,False,5007.0
255,38,58,3598.0,False,3590.0,False,5045.0
256,4,30,187.0,True,120.0,True,5049.0
257,1,86,3598.0,False,3590.0,False,5050.0
258,24,1,3598.0,False,339.0,True,5074.0
259,28,35,3598.0,False,3590.0,False,5102.0
260,14,69,3598.0,False,3590.0,False,5116.0
261,29,64,1.0,True,282.0,False,5145.0
262,33,4,1.0,True,17.0,True,5178.0
263,1,9,1.0,True,13.0,True,5179.0
264,11,24,25.0,True,44.0,True,5190.0
265,33,80,1.0,True,6.0,True,5223.0
266,35,2,1.0,True,1.0,True,5258.0
267,8,44,40.0,True,123.0,True,5266.0
268,1,47,17.0,True,148.0,True,5267.0
269,10,56,1.0,True,3.0,True,5277.0
270,19,3,3598.0,False,183.0,True,5296.0
271,27,50,3105.0,True,159.0,True,5323.0
272,28,82,37.0,True,95.0,True,5351.0
273,10,20,3598.0,False,3163.0,False,5361.0
274,35,46,118.0,True,22.0,True,5396.0
275,13,57,3598.0,False,26.0,True,5409.0
276,19,4,420.0,True,187.0,True,5428.0
277,17,23,3598.0,False,1959.0,False,5445.0
278,10,10,156.0,True,18.0,True,5455.0
279,4,7,3598.0,False,20.0,True,5459.0
280,5,66,3598.0,False,3304.0,False,5464.0
281,10,17,3598.0,False,541.0,True,5474.0
282,23,15,39.0,True,14.0,True,5497.0
283,16,5,22.0,True,23.0,True,5513.0
284,32,76,1.0,True,294.0,False,5545.0
285,10,34,528.0,True,354.0,True,5555.0
286,28,62,3598.0,False,2383.0,False,5583.0
287,8,40,3598.0,False,1928.0,False,5591.0
288,19,36,3598.0,False,1626.0,True,5610.0
289,32,7,246.0,True,120.0,True,5642.0
290,26,44,1459.0,True,654.0,True,5668.0
291,33,67,128.0,True,188.0,True,5701.0
292,39,28,91.0,True,81.0,True,5740.0
293,9,88,251.0,True,168.0,True,5749.0
294,8,20,40.0,True,22.0,True,5757.0
295,39,7,1262.0,True,1248.0,True,5796.0
296,9,57,3598.0,False,112.0,True,5805.0
297,38,57,3598.0,False,2799.0,False,5843.0
298,15,42,48.0,True,43.0,True,5858.0
299,21,32,2.0,True,29.0,True,5879.0
300,13,65,54.0,True,39.0,True,5892.0
301,14,18,1459.0,True,272.0,True,5906.0
302,36,75,1368.0,True,1248.0,True,5942.0
303,32,69,43.0,True,495.0,True,5974.0
304,24,78,157.0,True,42.0,True,5998.0
305,21,58,3598.0,False,2667.0,False,6019.0
306,39,66,42.0,True,35.0,True,6058.0
307,33,75,305.0,True,173.0,True,6091.0
308,18,78,555.0,True,107.0,True,6109.0
309,20,89,83.0,True,36.0,True,6129.0
310,12,43,3598.0,False,1031.0,False,6141.0
311,16,9,3598.0,False,35.0,False,6157.0
312,19,88,2.0,True,13.0,True,6176.0
313,33,77,3598.0,False,1.0,True,6209.0
314,38,58,5.0,True,31.0,True,6247.0
315,7,52,6.0,True,57.0,True,6254.0
316,30,85,9.0,True,108.0,True,6284.0
317,5,47,3598.0,False,2787.0,False,6289.0
318,33,36,35.0,True,177.0,True,6322.0
319,21,41,3598.0,False,945.0,False,6343.0
320,2,36,56.0,True,58.0,True,6345.0
321,22,48,3598.0,False,2852.0,False,6367.0
322,9,53,3598.0,False,3312.0,False,6376.0
323,10,86,3598.0,False,3312.0,False,6386.0
324,25,57,54.0,True,26.0,True,6411.0
325,16,73,79.0,True,141.0,True,6427.0
326,35,55,138.0,True,1493.0,True,6462.0
327,20,41,16.0,True,32.0,True,6482.0
328,39,51,3598.0,False,1331.0,False,6521.0
329,14,2,40.0,True,63.0,True,6535.0
330,23,21,3598.0,False,1003.0,False,6558.0
331,29,50,70.0,True,1546.0,True,6587.0
332,30,49,3598.0,False,2000.0,False,6617.0
333,3,48,42.0,True,93.0,True,6620.0
334,13,88,2643.0,True,3119.0,True,6633.0
335,18,84,3598.0,False,2852.0,False,6651.0
336,32,60,8.0,True,78.0,True,6683.0
337,25,83,342.0,True,246.0,True,6708.0
338,22,9,3598.0,False,3397.0,False,6730.0
339,13,6,35.0,True,192.0,True,6743.0
340,39,84,7.0,True,130.0,True,6782.0
341,25,52,3598.0,False,1331.0,False,6807.0
342,20,65,443.0,True,426.0,True,6827.0
343,38,2,850.0,True,497.0,True,6865.0
344,39,46,97.0,True,1546.0,True,6904.0
345,31,53,3000.0,True,994.0,True,6935.0
346,14,89,60.0,True,93.0,True,6949.0
347,6,17,2885.0,True,3119.0,True,6955.0
348,3,10,3598.0,False,2852.0,False,6958.0
349,31,86,1564.0,True,275.0,True,6989.0
350,14,71,536.0,True,246.0,True,7003.0
351,30,62,3598.0,False,3397.0,False,7033.0
352,39,3,119.0,True,192.0,True,7072.0
353,15,29,19.0,True,32.0,True,7087.0
354,32,2,111.0,True,3484.0,False,7119.0
355,22,16,364.0,True,426.0,True,7141.0
356,17,12,266.0,True,497.0,True,7158.0
357,14,8,91.0,True,1546.0,True,7172.0
358,35,49,3598.0,False,2000.0,False,7207.0
359,32,36,60.0,True,93.0,True,7239.0
360,15,56,2281.0,True,3119.0,True,7254.0
361,32,52,477.0,True,308.0,True,7286.0
362,12,37,888.0,True,275.0,True,7298.0
363,23,16,345.0,True,246.0,True,7321.0
364,24,88,3598.0,False,1722.0,False,7345.0
365,3,28,35.0,True,192.0,True,7348.0
366,12,81,613.0,True,68.0,True,7360.0
367,37,21,122.0,True,150.0,False,7397.0
368,34,26,3598.0,False,139.0,True,7431.0
369,20,1,4.0,True,181.0,True,7451.0
370,37,59,3598.0,False,619.0,False,7488.0
371,4,80,2.0,True,220.0,True,7492.0
372,29,66,172.0,True,163.0,True,7521.0
373,34,4,3598.0,False,416.0,False,7555.0
374,19,18,3.0,True,35.0,True,7574.0
375,20,73,354.0,True,305.0,True,7594.0
376,39,60,93.0,True,104.0,True,7633.0
377,14,2,2.0,True,13.0,True,7647.0
378,36,72,8.0,True,12.0,True,7683.0
379,25,51,374.0,True,150.0,False,7708.0
380,26,18,3598.0,False,139.0,True,7734.0
381,11,53,11.0,True,181.0,True,7745.0
382,29,39,3598.0,False,1322.0,False,7774.0
383,35,87,1812.0,True,1436.0,True,7809.0
384,33,36,1941.0,True,226.0,True,7842.0
385,21,84,3598.0,False,416.0,False,7863.0
386,11,75,7.0,True,35.0,True,7874.0
387,38,17,14.0,True,71.0,True,7912.0
388,10,39,48.0,True,121.0,True,7922.0
389,35,13,2450.0,True,78.0,True,7957.0
390,28,32,8.0,True,12.0,True,7985.0
391,20,58,470.0,True,150.0,False,8005.0
392,14,83,3598.0,False,139.0,True,8019.0
393,14,51,10.0,True,181.0,True,8033.0
394,16,53,4.0,True,811.0,False,8049.0
395,5,74,161.0,True,124.0,True,8054.0
396,22,80,9.0,True,6.0,True,8076.0
397,29,6,3598.0,False,416.0,False,8105.0
398,36,88,19.0,True,49.0,True,8141.0
399,7,85,15.0,True,71.0,True,8148.0
400,22,53,23.0,True,104.0,True,8170.0
401,18,21,1754.0,True,164.0,True,8188.0
402,10,65,3598.0,False,3590.0,False,8198.0
403,33,16,3598.0,False,3590.0,False,8231.0
404,8,22,3598.0,False,3590.0,False,8239.0
405,2,8,840.0,True,804.0,True,8241.0
406,21,20,3598.0,False,3590.0,False,8262.0
407,21,34,506.0,True,44.0,True,8283.0
408,10,7,3598.0,False,3590.0,False,8293.0
409,19,87,3598.0,False,3590.0,False,8312.0
410,25,70,596.0,True,432.0,True,8337.0
411,23,1,3598.0,False,3581.0,False,8360.0
412,3,34,3598.0,False,3581.0,False,8363.0
413,1,51,3598.0,False,3581.0,False,8364.0
414,17,87,3598.0,False,3590.0,False,8381.0
415,32,81,3598.0,False,3590.0,False,8413.0
416,33,6,3598.0,False,3590.0,False,8446.0
417,3,57,3598.0,False,2234.0,False,8449.0
418,9,9,3598.0,False,3590.0,False,8458.0
419,28,47,123.0,True,688.0,True,8486.0
420,21,15,3598.0,False,3590.0,False,8507.0
421,14,27,3598.0,False,3590.0,False,8521.0
422,6,21,3598.0,False,3581.0,False,8527.0
423,29,10,3598.0,False,54.0,True,8556.0
424,23,25,3598.0,False,3581.0,False,8579.0
425,14,38,3598.0,False,3581.0,False,8593.0
426,38,52,3598.0,False,3590.0,False,8631.0
427,12,45,3598.0,False,3590.0,False,8643.0
428,16,36,3598.0,False,3590.0,False,8659.0
429,20,84,3598.0,False,3590.0,False,8679.0
430,34,86,3598.0,False,3590.0,False,8713.0
431,11,74,297.0,True,39.0,True,8724.0
432,25,83,3598.0,False,3590.0,False,8749.0
433,26,71,3598.0,False,3590.0,False,8775.0
434,26,77,3598.0,False,3581.0,False,8801.0
435,20,20,3598.0,False,3581.0,False,8821.0
436,2,22,3598.0,False,1850.0,False,8823.0
437,39,63,3598.0,False,3581.0,False,8862.0
438,25,71,3007.0,True,994.0,True,8887.0
439,37,32,52.0,True,75.0,True,8924.0
440,1,22,173.0,True,197.0,True,8925.0
441,16,40,3598.0,False,1265.0,False,8941.0
442,16,78,3598.0,False,558.0,False,8957.0
443,25,6,3598.0,False,1094.0,False,8982.0
444,2,53,3412.0,True,1423.0,False,8984.0
445,13,14,3598.0,False,1265.0,False,8997.0
446,4,20,3598.0,False,558.0,False,9001.0
447,6,33,3598.0,False,1094.0,False,9007.0
448,23,31,2265.0,True,1423.0,False,9030.0
449,36,77,3598.0,False,1265.0,False,9066.0
450,11,66,3598.0,False,558.0,False,9077.0
451,26,48,3598.0,False,1094.0,False,9103.0
452,3,34,185.0,True,159.0,True,9106.0
453,30,87,3.0,True,25.0,True,9136.0
454,16,66,3598.0,False,3207.0,False,9152.0
455,1,23,3598.0,False,1089.0,False,9153.0
456,31,64,3598.0,False,2260.0,False,9184.0
457,4,87,3598.0,False,1871.0,False,9188.0
458,38,69,3598.0,False,2799.0,False,9226.0
459,31,57,29.0,True,95.0,True,9257.0
460,14,20,23.0,True,54.0,False,9271.0
461,3,85,23.0,True,10.0,True,9274.0
462,36,57,2033.0,True,107.0,True,9310.0
463,3,49,3598.0,False,1089.0,False,9313.0
464,5,87,3598.0,False,2260.0,False,9318.0
465,26,7,2832.0,True,1871.0,False,9344.0
466,38,52,3598.0,False,2799.0,False,9382.0
467,27,60,3598.0,False,3163.0,False,9409.0
468,6,70,3598.0,False,484.0,False,9415.0
469,38,70,16.0,True,402.0,True,9453.0
470,20,47,1982.0,True,1812.0,True,9473.0
471,15,13,36.0,True,18.0,True,9488.0
472,36,38,34.0,True,35.0,True,9524.0
473,37,73,3156.0,True,1871.0,False,9561.0
474,22,7,129.0,True,527.0,False,9583.0
475,14,63,3598.0,False,3163.0,False,9597.0
476,4,77,3598.0,False,1031.0,False,9601.0
477,13,10,23.0,True,72.0,True,9614.0
478,22,50,3598.0,False,3397.0,False,9636.0
479,21,79,136.0,True,148.0,True,9657.0
480,23,3,12.0,True,730.0,True,9680.0
481,22,79,3598.0,False,2038.0,False,9702.0
482,7,51,2878.0,True,1295.0,True,9709.0
483,12,73,2667.0,True,109.0,True,9721.0
484,23,2,173.0,True,158.0,True,9744.0
485,15,85,563.0,True,178.0,True,9759.0
486,38,42,174.0,True,270.0,True,9797.0
487,34,63,212.0,True,142.0,True,9831.0
488,22,44,365.0,True,232.0,True,9853.0
489,2,19,245.0,True,148.0,True,9855.0
490,23,9,191.0,True,178.0,True,9878.0
491,21,70,189.0,True,131.0,True,9899.0
492,23,79,1884.0,True,178.0,True,9922.0
493,27,75,211.0,True,212.0,True,9949.0
494,26,63,429.0,True,158.0,True,9975.0
495,14,75,595.0,True,178.0,True,9989.0
496,32,20,3598.0,False,51.0,True,10021.0
497,30,82,307.0,True,142.0,True,10051.0
498,38,48,26.0,True,121.0,True,10089.0
499,19,36,188.0,True,148.0,True,10108.0
500,17,84,208.0,True,178.0,True,10125.0
501,15,76,206.0,True,131.0,True,10140.0
502,20,33,3598.0,False,15.0,True,10160.0
503,31,31,305.0,True,1641.0,False,10191.0
504,1,14,223.0,True,158.0,True,10192.0
505,34,70,649.0,True,178.0,True,10226.0
506,12,56,223.0,True,270.0,True,10238.0
507,14,7,509.0,True,177.0,True,10252.0
508,18,23,3598.0,False,3163.0,False,10270.0
509,33,8,3281.0,True,302.0,True,10303.0
510,10,72,3598.0,False,54.0,True,10313.0
511,8,70,133.0,True,43.0,True,10321.0
512,14,6,20.0,True,43.0,True,10335.0
513,35,78,70.0,True,39.0,True,10370.0
514,24,26,3598.0,False,732.0,True,10394.0
515,34,8,636.0,True,37.0,True,10428.0
516,16,36,3598.0,False,1578.0,False,10444.0
517,15,75,3598.0,False,660.0,False,10459.0
518,39,67,1535.0,True,272.0,True,10498.0
519,32,63,36.0,True,18.0,True,10530.0
520,37,55,62.0,True,36.0,True,10567.0
521,2,44,3598.0,False,1070.0,True,10569.0
522,28,7,5.0,True,148.0,True,10597.0
523,21,32,3598.0,False,3312.0,False,10618.0
524,9,15,3598.0,False,3312.0,False,10627.0
525,12,10,689.0,True,619.0,True,10639.0
526,20,5,3598.0,False,2234.0,False,10659.0
527,2,48,3598.0,False,3163.0,False,10661.0
528,37,8,3598.0,False,858.0,False,10698.0
529,14,78,3598.0,False,2852.0,False,10712.0
530,30,17,613.0,True,43.0,True,10742.0
531,24,87,3598.0,False,484.0,False,10766.0
532,26,28,40.0,True,29.0,True,10792.0
533,33,61,395.0,True,42.0,True,10825.0
534,24,68,3598.0,False,2667.0,False,10849.0
535,9,84,65.0,True,58.0,True,10858.0
536,35,15,143.0,True,141.0,True,10893.0
537,2,31,3598.0,False,2307.0,False,10895.0
538,8,75,43.0,True,18.0,True,10903.0
539,1,65,69.0,True,36.0,True,10904.0
540,27,51,42.0,True,35.0,True,10931.0
541,13,72,276.0,True,173.0,True,10944.0
542,37,16,230.0,True,166.0,True,10981.0
543,13,38,3598.0,False,2000.0,False,10994.0
544,23,64,47.0,True,91.0,True,11017.0
545,18,63,1525.0,True,177.0,True,11035.0
546,29,8,3598.0,False,3163.0,False,11064.0
547,11,42,3598.0,False,302.0,True,11075.0
548,28,6,3598.0,False,2852.0,False,11103.0
549,16,10,8.0,True,43.0,True,11119.0
550,38,13,21.0,True,43.0,True,11157.0
551,17,7,42.0,True,39.0,True,11174.0
552,32,44,372.0,True,42.0,True,11206.0
553,1,43,2188.0,True,2667.0,False,11207.0
554,35,88,128.0,True,2787.0,False,11242.0
555,28,36,3598.0,False,263.0,False,11270.0
556,2,55,1322.0,True,272.0,True,11272.0
557,37,15,34.0,True,18.0,True,11309.0
558,2,8,3598.0,False,2461.0,False,11311.0
559,7,50,42.0,True,35.0,True,11318.0
560,12,1,323.0,True,173.0,True,11330.0
561,19,3,3598.0,False,1645.0,False,11349.0
562,32,2,2.0,True,947.0,False,11381.0
563,32,24,70.0,True,91.0,True,11413.0
564,25,44,3598.0,False,178.0,False,11438.0
565,31,8,30.0,True,95.0,True,11469.0
566,15,52,334.0,True,1413.0,False,11484.0
567,38,13,844.0,True,22.0,True,11522.0
568,37,41,3598.0,False,26.0,True,11559.0
569,32,73,3598.0,False,2793.0,False,11591.0
570,36,20,1017.0,True,70.0,True,11627.0
571,7,81,825.0,True,18.0,True,11634.0
572,1,21,3598.0,False,20.0,True,11635.0
573,36,33,168.0,True,141.0,True,11671.0
574,11,71,3598.0,False,159.0,True,11682.0
575,12,21,480.0,True,95.0,True,11694.0
576,38,15,3598.0,False,2173.0,False,11732.0
577,22,48,32.0,True,22.0,True,11754.0
578,7,57,3598.0,False,26.0,True,11761.0
579,31,51,60.0,True,157.0,True,11792.0
580,13,87,3598.0,False,1959.0,False,11805.0
581,28,61,143.0,True,18.0,True,11833.0
582,3,46,3598.0,False,20.0,True,11836.0
583,25,23,1089.0,True,465.0,True,11861.0
584,32,50,1553.0,True,159.0,True,11893.0
585,9,17,3598.0,False,1322.0,False,11902.0
586,26,22,3412.0,True,2173.0,False,11928.0
587,30,13,505.0,True,44.0,True,11958.0
588,4,50,3598.0,False,26.0,True,11962.0
589,37,63,139.0,True,187.0,True,11999.0
590,14,89,415.0,True,266.0,True,12013.0
591,22,80,702.0,True,18.0,True,12035.0
592,24,74,3598.0,False,20.0,True,12059.0
593,28,16,204.0,True,465.0,True,12087.0
594,2,80,3598.0,False,1626.0,True,12089.0
595,24,59,50.0,True,29.0,True,12113.0
596,19,86,2028.0,True,1397.0,True,12132.0
597,27,9,3598.0,False,1645.0,False,12159.0
598,34,75,9.0,True,19.0,True,12193.0
599,12,7,784.0,True,2461.0,False,12205.0
600,5,17,3598.0,False,3251.0,False,12210.0
601,17,62,240.0,True,213.0,True,12227.0
602,15,37,19.0,True,22.0,True,12242.0
603,15,43,1310.0,True,1248.0,True,12257.0
604,26,16,3598.0,False,1928.0,False,12283.0
605,37,10,2938.0,True,1626.0,True,12320.0
606,32,85,3598.0,False,2383.0,False,12352.0
607,22,38,305.0,True,120.0,True,12374.0
608,1,59,1416.0,True,654.0,True,12375.0
609,11,14,159.0,True,188.0,True,12386.0
610,19,79,311.0,True,81.0,True,12405.0
611,2,35,126.0,True,121.0,True,12407.0
612,32,7,19.0,True,22.0,True,12439.0
613,6,82,33.0,True,22.0,True,12445.0
614,36,60,684.0,True,432.0,True,12481.0
615,4,85,3598.0,False,1928.0,False,12485.0
616,3,29,3598.0,False,678.0,False,12488.0
617,12,39,3598.0,False,61.0,True,12500.0
618,1,21,259.0,True,120.0,True,12501.0
619,27,37,2005.0,True,654.0,True,12528.0
620,6,72,1387.0,True,1400.0,True,12534.0
621,20,20,17.0,True,22.0,True,12554.0
622,38,27,108.0,True,124.0,True,12592.0
623,29,9,3598.0,False,2307.0,False,12621.0
624,27,57,21.0,True,22.0,True,12648.0
625,30,69,1521.0,True,1248.0,True,12678.0
626,8,66,3598.0,False,1928.0,False,12686.0
627,27,13,86.0,True,1641.0,True,12713.0
628,8,26,31.0,True,64.0,True,12721.0
629,3,27,3598.0,False,1112.0,True,12724.0
630,24,28,20.0,True,157.0,True,12748.0
631,15,87,64.0,True,63.0,True,12763.0
632,18,22,2.0,True,2.0,True,12781.0
633,3,14,43.0,True,18.0,True,12784.0
634,32,88,1.0,True,5.0,True,12816.0
635,16,54,270.0,True,177.0,True,12832.0
636,13,7,139.0,True,76.0,True,12845.0
637,23,5,41.0,True,44.0,True,12868.0
638,31,24,3598.0,False,1711.0,False,12899.0
639,1,75,43.0,True,63.0,True,12900.0
640,3,72,65.0,True,39.0,True,12903.0
641,25,87,93.0,True,18.0,True,12928.0
642,36,38,159.0,True,163.0,True,12964.0
643,11,8,31.0,True,22.0,True,12975.0
644,10,8,85.0,True,76.0,True,12985.0
645,4,80,41.0,True,44.0,True,12989.0
646,36,41,2286.0,True,494.0,True,13025.0
647,2,38,75.0,True,63.0,True,13027.0
648,32,52,2.0,True,2.0,True,13059.0
649,36,3,81.0,True,18.0,True,13095.0
650,21,19,1.0,True,5.0,True,13116.0
651,27,41,1242.0,True,320.0,False,13143.0
652,16,45,74.0,True,34.0,True,13159.0
653,27,17,81.0,True,117.0,True,13186.0
654,39,57,555.0,True,354.0,True,13225.0
655,4,16,3598.0,False,1384.0,False,13229.0
656,8,58,3598.0,False,1578.0,False,13237.0
657,26,13,3598.0,False,1423.0,False,13263.0
658,6,84,302.0,True,1641.0,False,13269.0
659,33,48,3598.0,False,2104.0,False,13302.0
660,7,16,3598.0,False,2178.0,False,13309.0
661,11,60,5.0,True,2.0,True,13320.0
662,27,78,1.0,True,4.0,True,13347.0
663,8,69,495.0,True,308.0,True,13355.0
664,6,18,3598.0,False,1711.0,False,13361.0
665,24,30,474.0,True,90.0,True,13385.0
666,39,40,24.0,True,19.0,True,13424.0
667,21,41,3598.0,False,660.0,False,13445.0
668,36,58,71.0,True,34.0,True,13481.0
669,11,56,3598.0,False,240.0,True,13492.0
670,31,17,401.0,True,354.0,True,13523.0
671,5,44,130.0,True,1384.0,False,13528.0
672,3,49,744.0,True,1578.0,False,13531.0
673,2,25,3598.0,False,1423.0,False,13533.0
674,13,75,3598.0,False,1641.0,False,13546.0
675,4,89,3598.0,False,2104.0,False,13550.0
676,17,55,3598.0,False,2178.0,False,13567.0
677,35,66,1.0,True,2.0,True,13602.0
678,26,16,3.0,True,4.0,True,13628.0
679,2,13,149.0,True,308.0,True,13630.0
680,2,5,2607.0,True,1711.0,False,13632.0
681,36,27,5.0,True,9.0,True,13668.0
682,19,2,26.0,True,19.0,True,13687.0
683,4,53,2559.0,True,8.0,True,13691.0
684,27,44,3598.0,False,1683.0,False,13718.0
685,6,35,1.0,True,1.0,True,13724.0
686,22,30,1.0,True,1.0,True,13746.0
687,26,31,1.0,True,2.0,True,13772.0
688,4,29,66.0,True,58.0,True,13776.0
689,32,26,1.0,True,1186.0,True,13808.0
690,25,56,3598.0,False,904.0,False,13833.0
691,29,28,1.0,True,1.0,True,13862.0
692,5,55,1.0,True,1.0,True,13867.0
693,30,55,3598.0,False,540.0,False,13897.0
694,16,74,1.0,True,1.0,True,13913.0
695,16,8,1.0,True,2.0,True,13929.0
696,27,81,1.0,True,1.0,True,13956.0
697,1,15,1.0,True,1186.0,True,13957.0
698,10,81,1.0,True,1.0,True,13967.0
699,27,58,1.0,True,1.0,True,13994.0
700,37,27,3598.0,False,585.0,False,14031.0
701,6,12,1.0,True,1.0,True,14037.0
702,7,71,3598.0,False,1672.0,False,14044.0
703,12,7,230.0,True,692.0,True,14056.0
704,6,18,1.0,True,1.0,True,14062.0
705,4,30,1.0,True,1.0,True,14066.0
706,17,61,1.0,True,1.0,True,14083.0
707,17,56,1.0,True,1.0,True,14100.0
708,22,83,1.0,True,1.0,True,14122.0
709,34,52,1.0,True,1.0,True,14156.0
710,23,20,1.0,True,1.0,True,14179.0
711,19,44,3598.0,False,3557.0,False,14198.0
712,38,51,3598.0,False,2559.0,False,14236.0
713,33,1,1.0,True,1.0,True,14269.0
714,13,23,1.0,True,125.0,True,14282.0
715,36,75,1.0,True,1.0,True,14318.0
716,32,21,1.0,True,1.0,True,14350.0
717,4,55,1.0,True,1.0,True,14354.0
718,33,2,3598.0,False,1841.0,False,14387.0
719,31,22,1.0,True,1.0,True,14418.0
720,33,41,1.0,True,1.0,True,14451.0
721,23,2,1.0,True,1.0,True,14474.0
722,13,6,1.0,True,1.0,True,14487.0
723,8,42,35.0,True,35.0,True,14495.0
724,25,2,4.0,True,47.0,True,14520.0
725,17,31,1.0,True,1.0,True,14537.0
726,16,3,1.0,True,1.0,True,14553.0
727,28,63,1.0,True,1.0,True,14581.0
728,13,81,1.0,True,1.0,True,14594.0
729,7,86,1.0,True,1.0,True,14601.0
730,33,88,1.0,True,1.0,True,14634.0
731,11,13,1.0,True,1.0,True,14645.0
732,36,26,1.0,True,1.0,True,14681.0
733,27,43,1.0,True,1.0,True,14708.0
734,27,85,1.0,True,125.0,True,14735.0
735,29,79,501.0,True,44.0,True,14764.0
736,7,58,254.0,True,231.0,True,14771.0
737,20,34,3598.0,False,2461.0,False,14791.0
738,3,62,27.0,True,49.0,True,14794.0
739,21,8,3598.0,False,1683.0,False,14815.0
740,6,5,39.0,True,29.0,True,14821.0
741,20,24,307.0,True,172.0,True,14841.0
742,31,82,3.0,True,37.0,True,14872.0
743,39,47,1.0,True,2.0,True,14911.0
744,6,51,1.0,True,1.0,True,14917.0
745,2,23,1.0,True,1897.0,True,14919.0
746,5,34,1.0,True,1.0,True,14924.0
747,34,41,1.0,True,1.0,True,14958.0
748,27,85,2229.0,True,1125.0,True,14985.0
749,15,17,1.0,True,1.0,True,15000.0
750,33,26,1.0,True,1.0,True,15033.0
751,4,12,1.0,True,1.0,True,15037.0
752,33,5,59.0,True,36.0,True,15070.0
753,33,56,1.0,True,1.0,True,15103.0
754,14,7,1.0,True,2.0,True,15117.0
755,33,10,129.0,True,157.0,True,15150.0
756,25,22,1.0,True,1.0,True,15175.0
757,12,72,1.0,True,1.0,True,15187.0
758,22,30,1.0,True,1.0,True,15209.0
759,14,9,1.0,True,1.0,True,15223.0
760,16,52,1.0,True,1.0,True,15239.0
761,3,26,3598.0,False,1795.0,False,15242.0
762,37,30,1.0,True,1.0,True,15279.0
763,33,45,59.0,True,144.0,True,15312.0
764,36,28,1.0,True,1.0,True,15348.0
765,9,19,1.0,True,1.0,True,15357.0
766,16,9,1.0,True,1.0,True,15373.0
767,15,15,208.0,True,541.0,True,15388.0
768,3,11,1.0,True,1.0,True,15391.0
769,15,13,1.0,True,2.0,True,15406.0
770,33,89,1.0,True,1.0,True,15439.0
771,3,58,1.0,True,1.0,True,15442.0
772,20,73,1.0,True,1.0,True,15462.0
773,5,36,1.0,True,1.0,True,15467.0
774,28,23,1.0,True,1.0,True,15495.0
775,25,13,1.0,True,1.0,True,15520.0
776,22,38,2099.0,True,107.0,True,15542.0
777,34,84,1.0,True,1.0,True,15576.0
778,18,28,1.0,True,1.0,True,15594.0
779,16,27,730.0,True,164.0,True,15610.0
780,9,88,1.0,True,1.0,True,15619.0
781,21,56,882.0,True,197.0,True,15640.0
782,29,19,1.0,True,1.0,True,15669.0
783,31,42,1837.0,True,1711.0,False,15700.0
784,35,77,239.0,True,140.0,True,15735.0
785,8,60,1.0,True,1.0,True,15743.0
786,37,41,3598.0,False,70.0,True,15780.0
787,24,39,1.0,True,616.0,False,15804.0
788,25,46,518.0,True,811.0,True,15829.0
789,14,79,1.0,True,1.0,True,15843.0
790,23,59,1.0,True,1.0,True,15866.0
791,24,62,208.0,True,541.0,True,15890.0
792,16,8,1.0,True,1.0,True,15906.0
793,31,30,1.0,True,1.0,True,15937.0
794,27,25,1.0,True,1.0,True,15964.0
795,1,44,2198.0,True,1112.0,True,15965.0
796,19,50,1.0,True,1.0,True,15984.0
797,26,37,1.0,True,1.0,True,16010.0
798,17,84,1.0,True,1.0,True,16027.0
799,17,16,1.0,True,1.0,True,16044.0
800,22,4,281.0,True,277.0,True,16066.0
801,19,63,3598.0,False,2307.0,False,16085.0
802,7,44,1.0,True,1.0,True,16092.0
803,13,44,1.0,True,1.0,True,16105.0
804,3,72,1.0,True,1.0,True,16108.0
805,18,74,3598.0,False,1072.0,False,16126.0
806,17,50,1.0,True,1.0,True,16143.0
807,5,57,1.0,True,1.0,True,16148.0
808,37,5,1.0,True,1.0,True,16185.0
809,27,51,7.0,True,31.0,True,16212.0
810,4,46,1.0,True,1.0,True,16216.0
811,17,64,1.0,True,1.0,True,16233.0
812,19,84,1.0,True,1.0,True,16252.0
813,5,70,1.0,True,1.0,True,16257.0
814,39,7,1.0,True,1.0,True,16296.0
815,26,44,1.0,True,1.0,True,16322.0
816,30,30,1.0,True,1.0,True,16352.0
817,1,21,17.0,True,16.0,True,16353.0
818,8,88,21.0,True,100.0,True,16361.0
819,39,60,222.0,True,873.0,True,16400.0
820,26,21,579.0,True,811.0,True,16426.0
821,20,55,179.0,True,326.0,True,16446.0
822,11,39,5.0,True,5.0,True,16457.0
823,20,89,2.0,True,2.0,True,16477.0
824,4,78,341.0,True,873.0,True,16481.0
825,35,54,1387.0,True,811.0,True,16516.0
826,25,66,69.0,True,326.0,True,16541.0
827,3,79,3598.0,False,1031.0,False,16544.0
828,25,13,7.0,True,97.0,True,16569.0
829,11,46,10.0,True,66.0,True,16580.0
830,18,40,3598.0,False,1010.0,False,16598.0
831,5,68,2.0,True,4.0,True,16603.0
832,4,63,2.0,True,4.0,True,16607.0
833,33,39,346.0,True,246.0,True,16640.0
834,34,63,2655.0,True,3119.0,True,16674.0
835,13,67,44.0,True,93.0,True,16687.0
836,5,79,74.0,True,1546.0,True,16692.0
837,23,58,3598.0,False,110.0,True,16715.0
838,38,88,433.0,True,426.0,True,16753.0
839,35,27,35.0,True,192.0,True,16788.0
840,32,79,10.0,True,19.0,True,16820.0
841,12,6,79.0,True,117.0,True,16832.0
842,12,76,502.0,True,308.0,True,16844.0
843,31,2,3598.0,False,1711.0,False,16875.0
844,26,29,2.0,True,2.0,True,16901.0
845,7,18,9.0,True,720.0,True,16908.0
846,8,51,602.0,True,2158.0,False,16916.0
847,5,74,3598.0,False,989.0,False,16921.0
848,37,15,1.0,True,2244.0,False,16958.0
849,12,19,31.0,True,148.0,True,16970.0
850,3,1,550.0,True,811.0,True,16973.0
851,21,27,5.0,True,12.0,True,16994.0
852,25,46,3598.0,False,1504.0,False,17019.0
853,10,87,109.0,True,47.0,True,17029.0
854,1,28,15.0,True,14.0,True,17030.0
855,32,22,18.0,True,132.0,True,17062.0
856,1,6,4.0,True,12.0,True,17063.0
857,27,43,13.0,True,960.0,False,17090.0
858,31,80,652.0,True,2399.0,False,17121.0
859,27,31,6.0,True,96.0,True,17148.0
860,23,38,15.0,True,643.0,True,17171.0
861,32,64,2.0,True,76.0,True,17203.0
862,15,46,2.0,True,18.0,True,17218.0
863,24,71,76.0,True,34.0,True,17242.0
864,37,24,3.0,True,13.0,True,17279.0
865,28,84,29.0,True,133.0,True,17307.0
866,8,69,39.0,True,109.0,True,17315.0
867,35,20,75.0,True,59.0,True,17350.0
868,3,6,1714.0,True,2024.0,True,17353.0
869,8,48,15.0,True,2.0,True,17361.0
870,29,29,149.0,True,72.0,True,17390.0
871,35,7,149.0,True,128.0,True,17425.0
872,9,56,4.0,True,9.0,True,17434.0
873,29,50,18.0,True,2153.0,False,17463.0
874,7,85,2056.0,True,1397.0,True,17470.0
875,37,57,1841.0,True,1343.0,False,17507.0
876,32,39,3428.0,True,2085.0,False,17539.0
877,3,2,821.0,True,804.0,True,17542.0
878,14,16,295.0,True,42.0,True,17556.0
879,12,55,147.0,True,83.0,True,17568.0
880,12,86,1622.0,True,1019.0,True,17580.0
881,11,78,221.0,True,128.0,True,17591.0
882,6,61,405.0,True,266.0,True,17597.0
883,6,40,3598.0,False,1110.0,False,17603.0
884,6,70,3598.0,False,23.0,True,17609.0
885,12,68,30.0,True,95.0,True,17621.0
886,26,70,3598.0,False,1893.0,False,17647.0
887,4,27,663.0,True,432.0,True,17651.0
888,25,57,126.0,True,157.0,True,17676.0
889,24,21,744.0,True,619.0,True,17700.0
890,3,21,191.0,True,236.0,True,17703.0
891,29,35,124.0,True,277.0,True,17732.0
892,36,1,270.0,True,277.0,True,17768.0
893,12,68,263.0,True,277.0,True,17780.0
894,11,56,399.0,True,244.0,True,17791.0
895,19,16,3598.0,False,2313.0,False,17810.0
896,7,46,215.0,True,873.0,True,17817.0
897,11,83,3598.0,False,750.0,False,17828.0
898,37,21,34.0,True,81.0,True,17865.0
899,17,36,3598.0,False,585.0,False,17882.0
900,24,21,290.0,True,42.0,True,17906.0
901,6,57,3598.0,False,2852.0,False,17912.0
902,1,16,2.0,True,333.0,True,17913.0
903,15,29,34.0,True,18.0,True,17928.0
904,23,33,53.0,True,36.0,True,17951.0
905,12,32,3598.0,False,416.0,False,17963.0
906,2,78,6.0,True,12.0,True,17965.0
907,10,64,35.0,True,31.0,True,17975.0
908,3,84,5.0,True,604.0,True,17978.0
909,14,67,289.0,True,146.0,True,17992.0
910,35,67,54.0,True,116.0,True,18027.0
911,15,18,3598.0,False,732.0,True,18042.0
912,6,68,2723.0,True,1283.0,True,18048.0
913,28,1,196.0,True,541.0,True,18076.0
914,4,73,3598.0,False,541.0,True,18080.0
915,23,24,184.0,True,541.0,True,18103.0
916,27,87,149.0,True,72.0,True,18130.0
917,29,29,117.0,True,142.0,True,18159.0
918,20,63,3598.0,False,1031.0,False,18179.0
919,14,87,3598.0,False,707.0,True,18193.0
920,35,88,16.0,True,24.0,True,18228.0
921,25,50,10.0,True,15.0,True,18253.0
922,24,26,3598.0,False,585.0,False,18277.0
923,33,71,1.0,True,6.0,True,18310.0
924,1,4,45.0,True,93.0,True,18311.0
925,1,45,16.0,True,32.0,True,18312.0
926,8,61,2.0,True,47.0,True,18320.0
927,4,59,53.0,True,101.0,True,18324.0
928,30,64,2.0,True,2.0,True,18354.0
929,39,80,39.0,True,44.0,True,18393.0
930,16,52,31.0,True,14.0,True,18409.0
931,33,56,6.0,True,36.0,True,18442.0
932,18,7,22.0,True,44.0,True,18460.0
933,7,8,263.0,True,277.0,True,18467.0
934,5,63,231.0,True,171.0,True,18472.0
935,11,68,16.0,True,417.0,True,18483.0
936,4,12,43.0,True,12.0,True,18487.0
937,13,9,15.0,True,32.0,True,18500.0
938,13,2,23.0,True,64.0,True,18513.0
939,21,87,3.0,True,6.0,True,18534.0
940,14,55,123.0,True,121.0,True,18548.0
941,33,28,102.0,True,148.0,True,18581.0
942,32,17,589.0,True,123.0,True,18613.0
943,13,15,2.0,True,32.0,True,18626.0
944,3,17,2.0,True,5.0,True,18629.0
945,39,87,167.0,True,326.0,True,18668.0
946,30,45,630.0,True,153.0,True,18698.0
947,27,87,132.0,True,43.0,True,18725.0
948,39,28,71.0,True,39.0,True,18764.0
949,12,26,20.0,True,43.0,True,18776.0
950,19,14,2.0,True,156.0,False,18795.0
951,28,68,339.0,True,305.0,True,18823.0
952,22,40,5.0,True,12.0,True,18845.0
953,26,50,17.0,True,16.0,True,18871.0
954,18,9,11.0,True,31.0,True,18889.0
955,20,47,21.0,True,27.0,True,18909.0
956,6,82,7.0,True,31.0,True,18915.0
957,35,29,131.0,True,74.0,True,18950.0
958,26,43,72.0,True,1165.0,False,18976.0
959,10,60,7.0,True,1.0,True,18986.0
960,3,59,875.0,True,32.0,True,18989.0
961,1,25,214.0,True,541.0,True,18990.0
962,34,52,189.0,True,541.0,True,19024.0
963,29,50,124.0,True,232.0,True,19053.0
964,18,14,110.0,True,178.0,True,19071.0
965,8,12,3598.0,False,2134.0,False,19079.0
966,23,53,455.0,True,316.0,True,19102.0
967,31,80,3598.0,False,707.0,True,19133.0
968,30,85,3.0,True,1.0,True,19163.0
969,27,41,219.0,True,298.0,True,19190.0
970,19,59,3598.0,False,1089.0,False,19209.0
971,38,63,3598.0,False,3304.0,False,19247.0
972,31,72,2.0,True,49.0,True,19278.0
973,12,25,3.0,True,23.0,True,19290.0
974,21,28,426.0,True,426.0,True,19311.0
975,6,23,3598.0,False,1331.0,False,19317.0
976,21,81,71.0,True,19.0,True,19338.0
977,36,22,740.0,True,164.0,True,19374.0
978,8,65,35.0,True,44.0,True,19382.0
979,1,53,3084.0,True,109.0,True,19383.0
980,15,15,29.0,True,133.0,True,19398.0
981,34,16,29.0,True,150.0,True,19432.0
982,37,56,7.0,True,11.0,True,19469.0
983,5,48,230.0,True,136.0,True,19474.0
984,6,79,3.0,True,43.0,True,19480.0
985,15,52,92.0,True,130.0,True,19495.0
986,22,64,12.0,True,30.0,True,19517.0
987,25,85,2.0,True,60.0,True,19542.0
988,18,28,654.0,True,2158.0,False,19560.0
989,38,13,15.0,True,32.0,True,19598.0
990,28,64,22.0,True,14.0,True,19626.0
991,35,63,8.0,True,78.0,True,19661.0
992,3,19,2.0,True,65.0,True,19664.0
993,37,68,9.0,True,78.0,True,19701.0
994,15,14,3598.0,False,2377.0,False,19716.0
995,31,60,74.0,True,71.0,True,19747.0
996,33,66,5.0,True,6.0,True,19780.0
997,35,63,72.0,True,33.0,True,19815.0
998,18,16,5.0,True,20.0,True,19833.0
999,31,68,178.0,True,236.0,True,19864.0
1000,25,75,272.0,True,277.0,True,19889.0
1001,21,79,288.0,True,277.0,True,19910.0
1002,5,88,231.0,True,128.0,True,19915.0
1003,34,15,220.0,True,873.0,True,19949.0
1004,39,88,22.0,True,22.0,True,19988.0
1005,5,32,273.0,True,109.0,True,19993.0
1006,30,29,101.0,True,29.0,True,20023.0
1007,29,32,10.0,True,34.0,True,20052.0
1008,1,58,52.0,True,116.0,True,20053.0
1009,3,87,88.0,True,1699.0,False,20056.0
1010,37,18,3598.0,False,277.0,True,20093.0
1011,1,82,3598.0,False,288.0,True,20094.0
1012,18,19,3598.0,False,541.0,True,20112.0
1013,2,6,190.0,True,541.0,True,20114.0
1014,5,12,162.0,True,270.0,True,20119.0
1015,14,26,108.0,True,142.0,True,20133.0
1016,28,71,231.0,True,212.0,True,20161.0
1017,24,71,6.0,True,1.0,True,20185.0
1018,21,42,6.0,True,1.0,True,20206.0
1019,1,75,3598.0,False,3444.0,False,20207.0
1020,20,35,3.0,True,3.0,True,20227.0
1021,17,8,1289.0,True,17.0,False,20244.0
1022,30,14,17.0,True,176.0,True,20274.0
1023,21,68,33.0,True,1429.0,False,20295.0
1024,20,2,228.0,True,692.0,True,20315.0
1025,26,6,3598.0,False,555.0,False,20341.0
1026,22,86,5.0,True,57.0,True,20363.0
1027,11,2,7.0,True,217.0,True,20374.0
1028,1,38,10.0,True,1500.0,False,20375.0
1029,2,78,3598.0,False,1987.0,False,20377.0
1030,24,42,23.0,True,1449.0,False,20401.0
1031,10,83,8.0,True,51.0,True,20411.0
1032,12,85,10.0,True,61.0,True,20423.0
1033,25,71,8.0,True,1779.0,True,20448.0
1034,17,28,55.0,True,157.0,True,20465.0
1035,36,79,3598.0,False,2038.0,False,20501.0
1036,20,89,1634.0,True,2024.0,True,20521.0
1037,9,8,3598.0,False,2812.0,False,20530.0
1038,26,56,3598.0,False,419.0,True,20556.0
1039,39,13,3598.0,False,3524.0,False,20595.0
1040,38,22,1928.0,True,1157.0,True,20633.0
1041,25,12,3598.0,False,53.0,True,20658.0
1042,21,38,56.0,True,115.0,True,20679.0
1043,28,24,3598.0,False,2717.0,False,20707.0
1044,16,23,64.0,True,54.0,True,20723.0
1045,33,22,3598.0,False,1117.0,False,20756.0
1046,35,49,494.0,True,44.0,True,20791.0
1047,31,7,2698.0,True,3119.0,True,20822.0
1048,30,66,3598.0,False,2478.0,False,20852.0
1049,17,66,3598.0,False,56.0,True,20869.0
1050,4,50,3598.0,False,2265.0,False,20873.0
1051,18,5,3598.0,False,1829.0,True,20891.0
1052,1,81,3598.0,False,2812.0,False,20892.0
1053,11,62,3598.0,False,1850.0,False,20903.0
1054,19,21,3598.0,False,70.0,True,20922.0
1055,33,29,3598.0,False,110.0,True,20955.0
1056,31,10,3598.0,False,102.0,True,20986.0
1057,33,53,3598.0,False,3444.0,False,21019.0
1058,39,63,3598.0,False,2799.0,False,21058.0
1059,4,22,81.0,True,251.0,True,21062.0
1060,6,19,143.0,True,277.0,True,21068.0
1061,39,71,27.0,True,19.0,True,21107.0
1062,14,35,289.0,True,148.0,True,21121.0
1063,35,55,3598.0,False,3207.0,False,21156.0
1064,35,19,3598.0,False,1634.0,False,21191.0
1065,20,21,823.0,True,764.0,True,21211.0
1066,6,21,11.0,True,2812.0,False,21217.0
1067,31,4,189.0,True,74.0,True,21248.0
1068,11,54,65.0,True,58.0,True,21259.0
1069,16,44,1349.0,True,1433.0,True,21275.0
1070,4,63,3598.0,False,2313.0,False,21279.0
1071,18,47,12.0,True,3077.0,False,21297.0
1072,11,7,3598.0,False,904.0,False,21308.0
1073,11,31,13.0,True,3297.0,False,21319.0
1074,3,48,169.0,True,523.0,False,21322.0
1075,34,39,100.0,True,81.0,True,21356.0
1076,32,45,147.0,True,11.0,True,21388.0
1077,14,21,95.0,True,48.0,True,21402.0
1078,34,35,1779.0,True,1343.0,False,21436.0
1079,34,54,359.0,True,246.0,True,21470.0
1080,11,47,1.0,True,79.0,True,21481.0
1081,34,6,29.0,True,68.0,True,21515.0
1082,32,27,2.0,True,3.0,True,21547.0
1083,31,6,2.0,True,3.0,True,21578.0
1084,19,6,3.0,True,17.0,True,21597.0
1085,1,65,3.0,True,17.0,True,21598.0
1086,19,50,9.0,True,67.0,True,21617.0
1087,16,25,2.0,True,2.0,True,21633.0
1088,12,30,170.0,True,141.0,True,21645.0
1089,2,39,3.0,True,6.0,True,21647.0
1090,24,81,3.0,True,6.0,True,21671.0
1091,25,57,2.0,True,3.0,True,21696.0
1092,7,67,2.0,True,29.0,True,21703.0
1093,16,27,3.0,True,10.0,True,21719.0
1094,3,1,3598.0,False,779.0,True,21722.0
1095,11,38,4.0,True,9.0,True,21733.0
1096,13,11,2.0,True,4.0,True,21746.0
1097,18,46,2.0,True,4.0,True,21764.0
1098,38,51,2.0,True,6.0,True,21802.0
1099,30,27,2.0,True,6.0,True,21832.0
1100,17,15,2.0,True,6.0,True,21849.0
1101,22,77,3.0,True,6.0,True,21871.0
1102,22,41,4.0,True,11.0,True,21893.0
1103,35,73,4.0,True,4.0,True,21928.0
1104,5,36,5.0,True,4.0,True,21933.0
1105,33,7,1.0,True,4.0,True,21966.0
1106,12,36,32.0,True,81.0,True,21978.0
1107,30,38,1.0,True,6.0,True,22008.0
1108,20,57,1.0,True,6.0,True,22028.0
1109,21,9,1.0,True,1.0,True,22049.0
1110,39,7,251.0,True,231.0,True,22088.0
1111,33,35,4.0,True,8.0,True,22121.0
1112,15,53,672.0,True,432.0,True,22136.0
1113,31,76,1.0,True,65.0,True,22167.0
1114,14,34,735.0,True,619.0,True,22181.0
1115,25,73,14.0,True,327.0,False,22206.0
1116,27,39,135.0,True,277.0,True,22233.0
1117,36,75,44.0,True,1511.0,False,22269.0
1118,37,7,262.0,True,277.0,True,22306.0
1119,35,65,399.0,True,244.0,True,22341.0
1120,13,40,2.0,True,4.0,True,22354.0
1121,1,8,134.0,True,43.0,True,22355.0
1122,16,40,3229.0,True,980.0,False,22371.0
1123,34,50,511.0,True,1397.0,True,22405.0
1124,14,44,3598.0,False,497.0,True,22419.0
1125,18,44,10.0,True,24.0,True,22437.0
1126,39,21,3598.0,False,61.0,True,22476.0
1127,17,72,3598.0,False,1924.0,False,22493.0
1128,32,40,19.0,True,27.0,True,22525.0
1129,12,45,89.0,True,1407.0,False,22537.0
1130,1,34,458.0,True,90.0,True,22538.0
1131,17,5,89.0,True,1301.0,False,22555.0
1132,19,19,27.0,True,48.0,True,22574.0
1133,29,28,133.0,True,17.0,True,22603.0
1134,11,80,27.0,True,121.0,True,22614.0
1135,4,16,1189.0,True,320.0,False,22618.0
1136,22,83,40.0,True,173.0,True,22640.0
1137,37,51,1463.0,True,651.0,True,22677.0
1138,34,9,3304.0,True,2085.0,False,22711.0
1139,7,82,77.0,True,34.0,True,22718.0
1140,17,52,81.0,True,117.0,True,22735.0
1141,36,39,509.0,True,308.0,True,22771.0
1142,16,19,520.0,True,354.0,True,22787.0
1143,31,21,3598.0,False,1384.0,False,22818.0
1144,36,25,3598.0,False,1578.0,False,22854.0
1145,1,25,306.0,True,1641.0,False,22855.0
1146,10,54,3598.0,False,1711.0,False,22865.0
1147,22,63,27.0,True,19.0,True,22887.0
1148,38,9,3598.0,False,555.0,False,22925.0
1149,37,6,3598.0,False,1553.0,False,22962.0
1150,6,76,3598.0,False,2239.0,False,22968.0
1151,27,67,13.0,True,13.0,True,22995.0
1152,21,23,41.0,True,37.0,True,23016.0
1153,11,76,31.0,True,107.0,True,23027.0
1154,21,52,1473.0,True,78.0,True,23048.0
1155,15,60,41.0,True,109.0,True,23063.0
1156,3,18,140.0,True,72.0,True,23066.0
1157,36,53,3598.0,False,2450.0,False,23102.0
1158,26,60,20.0,True,43.0,True,23128.0
1159,23,12,3598.0,False,2377.0,False,23151.0
1160,29,61,3598.0,False,2323.0,False,23180.0
1161,16,31,19.0,True,22.0,True,23196.0
1162,16,42,7.0,True,97.0,True,23212.0
1163,23,36,382.0,True,266.0,True,23235.0
1164,33,76,3598.0,False,36.0,True,23268.0
1165,16,34,2.0,True,5.0,True,23284.0
1166,31,38,21.0,True,100.0,True,23315.0
1167,19,25,188.0,True,873.0,True,23334.0
1168,7,20,1203.0,True,149.0,False,23341.0
1169,37,62,69.0,True,326.0,True,23378.0
1170,10,59,3598.0,False,1089.0,False,23388.0
1171,9,58,42.0,True,1511.0,False,23397.0
1172,30,8,1365.0,True,238.0,False,23427.0
1173,25,70,3598.0,False,23.0,True,23452.0
